{
  "linear": {
    "r2": 0.9160921869664608,
    "mse": 3.8834686771789,
    "rmse": 1.9706518406808697,
    "mae": 1.4225329159342448
  },
  "ridge": {
    "r2": 0.9160964725091462,
    "mse": 3.8832703312778265,
    "rmse": 1.9706015150907163,
    "mae": 1.4223565927094048
  },
  "lasso": {
    "r2": 0.8612596860941972,
    "mse": 6.421257375636629,
    "rmse": 2.5340200030064146,
    "mae": 1.6517793348898677
  },
  "random_forest": {
    "r2": 0.9994587299059047,
    "mse": 0.025051367450999965,
    "rmse": 0.15827623779645497,
    "mae": 0.009243376666695799
  },
  "gbm": {
    "r2": 0.9991144990211319,
    "mse": 0.04098325520259661,
    "rmse": 0.20244321476057578,
    "mae": 0.11367239751625612
  },
  "svr": {
    "r2": 0.9032810032415478,
    "mse": 4.476403100262924,
    "rmse": 2.11575119053799,
    "mae": 1.2250169866640854
  },
  "decision_tree": {
    "r2": 0.9992051431333054,
    "mse": 0.036788013333333335,
    "rmse": 0.1918020159782825,
    "mae": 0.010627333333381905
  }
}